<?xml version="1.0" ?>
<assessmentTest xmlns="http://www.imsglobal.org/xsd/imsqti_v2p1" xmlns:xsi="http://www.w3.org/2001/XMLSchema-instance" xsi:schemaLocation="http://www.imsglobal.org/xsd/imsqti_v2p1 http://www.imsglobal.org/xsd/qti/qtiv2p1/imsqti_v2p1.xsd" identifier="assessment_8432edea" title="Assessment">
  <timeLimits maxTime="3600"/>
  <testPart identifier="testpart1" navigationMode="linear" submissionMode="individual">
    <assessmentSection identifier="section1" title="Questions" visible="true">
      <assessmentItemRef identifier="q_1" href="q_1.xml"/>
      <assessmentItemRef identifier="q_2" href="q_2.xml"/>
      <assessmentItemRef identifier="q_3" href="q_3.xml"/>
      <assessmentItemRef identifier="q_4" href="q_4.xml"/>
      <assessmentItemRef identifier="q_5" href="q_5.xml"/>
      <assessmentItemRef identifier="q_6" href="q_6.xml"/>
      <assessmentItemRef identifier="q_7" href="q_7.xml"/>
      <assessmentItemRef identifier="q_8" href="q_8.xml"/>
      <assessmentItemRef identifier="q_9" href="q_9.xml"/>
      <assessmentItemRef identifier="q_10" href="q_10.xml"/>
      <assessmentItemRef identifier="q_11" href="q_11.xml"/>
      <assessmentItemRef identifier="q_12" href="q_12.xml"/>
      <assessmentItemRef identifier="q_13" href="q_13.xml"/>
      <assessmentItemRef identifier="q_14" href="q_14.xml"/>
      <assessmentItemRef identifier="q_15" href="q_15.xml"/>
      <assessmentItemRef identifier="q_16" href="q_16.xml"/>
      <assessmentItemRef identifier="q_17" href="q_17.xml"/>
      <assessmentItemRef identifier="q_18" href="q_18.xml"/>
      <assessmentItemRef identifier="q_19" href="q_19.xml"/>
      <assessmentItemRef identifier="q_20" href="q_20.xml"/>
      <assessmentItemRef identifier="q_21" href="q_21.xml"/>
      <assessmentItemRef identifier="q_22" href="q_22.xml"/>
      <assessmentItemRef identifier="q_23" href="q_23.xml"/>
      <assessmentItemRef identifier="q_24" href="q_24.xml"/>
      <assessmentItemRef identifier="q_25" href="q_25.xml"/>
    </assessmentSection>
  </testPart>
  <assessmentItem xmlns="http://www.imsglobal.org/xsd/imsqti_v2p1" identifier="q_1" title="Question q_1" adaptive="false" timeDependent="false">
    <responseDeclaration identifier="RESPONSE" cardinality="single" baseType="identifier">
      <correctResponse>
        <value>B</value>
      </correctResponse>
    </responseDeclaration>
    <outcomeDeclaration identifier="SCORE" cardinality="single" baseType="float">
      <defaultValue>
        <value>0</value>
      </defaultValue>
    </outcomeDeclaration>
    <itemBody>
      <div class="question-text">
        <p>Cual es el resultado de ejecutar type(42) en Python?</p>
      </div>
      <choiceInteraction responseIdentifier="RESPONSE" shuffle="false" maxChoices="1">
        <simpleChoice identifier="A">&lt;class 'float'&gt;</simpleChoice>
        <simpleChoice identifier="B">&lt;class 'int'&gt;</simpleChoice>
        <simpleChoice identifier="C">&lt;class 'str'&gt;</simpleChoice>
        <simpleChoice identifier="D">&lt;class 'number'&gt;</simpleChoice>
      </choiceInteraction>
    </itemBody>
    <responseProcessing template="http://www.imsglobal.org/question/qti_v2p1/rptemplates/match_correct"/>
  </assessmentItem>
  <assessmentItem xmlns="http://www.imsglobal.org/xsd/imsqti_v2p1" identifier="q_2" title="Question q_2" adaptive="false" timeDependent="false">
    <responseDeclaration identifier="RESPONSE" cardinality="single" baseType="identifier">
      <correctResponse>
        <value>B</value>
      </correctResponse>
    </responseDeclaration>
    <outcomeDeclaration identifier="SCORE" cardinality="single" baseType="float">
      <defaultValue>
        <value>0</value>
      </defaultValue>
    </outcomeDeclaration>
    <itemBody>
      <div class="question-text">
        <p>Si ejecuto nombre = &quot;Barcelona&quot; y luego print(len(nombre)), que se imprime?</p>
      </div>
      <choiceInteraction responseIdentifier="RESPONSE" shuffle="false" maxChoices="1">
        <simpleChoice identifier="A">8</simpleChoice>
        <simpleChoice identifier="B">9</simpleChoice>
        <simpleChoice identifier="C">10</simpleChoice>
        <simpleChoice identifier="D">Error</simpleChoice>
      </choiceInteraction>
    </itemBody>
    <responseProcessing template="http://www.imsglobal.org/question/qti_v2p1/rptemplates/match_correct"/>
  </assessmentItem>
  <assessmentItem xmlns="http://www.imsglobal.org/xsd/imsqti_v2p1" identifier="q_3" title="Question q_3" adaptive="false" timeDependent="false">
    <responseDeclaration identifier="RESPONSE" cardinality="single" baseType="identifier">
      <correctResponse>
        <value>C</value>
      </correctResponse>
    </responseDeclaration>
    <outcomeDeclaration identifier="SCORE" cardinality="single" baseType="float">
      <defaultValue>
        <value>0</value>
      </defaultValue>
    </outcomeDeclaration>
    <itemBody>
      <div class="question-text">
        <p>Cual de estos nombres de variable cumple las reglas de Python y es legible?</p>
      </div>
      <choiceInteraction responseIdentifier="RESPONSE" shuffle="false" maxChoices="1">
        <simpleChoice identifier="A">2equipo</simpleChoice>
        <simpleChoice identifier="B">equipo-favorito</simpleChoice>
        <simpleChoice identifier="C">equipo_favorito</simpleChoice>
        <simpleChoice identifier="D">equipo.favorito</simpleChoice>
      </choiceInteraction>
    </itemBody>
    <responseProcessing template="http://www.imsglobal.org/question/qti_v2p1/rptemplates/match_correct"/>
  </assessmentItem>
  <assessmentItem xmlns="http://www.imsglobal.org/xsd/imsqti_v2p1" identifier="q_4" title="Question q_4" adaptive="false" timeDependent="false">
    <responseDeclaration identifier="RESPONSE" cardinality="single" baseType="identifier">
      <correctResponse>
        <value>B</value>
      </correctResponse>
    </responseDeclaration>
    <outcomeDeclaration identifier="SCORE" cardinality="single" baseType="float">
      <defaultValue>
        <value>0</value>
      </defaultValue>
    </outcomeDeclaration>
    <itemBody>
      <div class="question-text">
        <p>Si goles = 25 y partidos = 10, cual es el resultado de goles/partidos?</p>
      </div>
      <choiceInteraction responseIdentifier="RESPONSE" shuffle="false" maxChoices="1">
        <simpleChoice identifier="A">2.0</simpleChoice>
        <simpleChoice identifier="B">2.5</simpleChoice>
        <simpleChoice identifier="C">3.0</simpleChoice>
        <simpleChoice identifier="D">2</simpleChoice>
      </choiceInteraction>
    </itemBody>
    <responseProcessing template="http://www.imsglobal.org/question/qti_v2p1/rptemplates/match_correct"/>
  </assessmentItem>
  <assessmentItem xmlns="http://www.imsglobal.org/xsd/imsqti_v2p1" identifier="q_5" title="Question q_5" adaptive="false" timeDependent="false">
    <responseDeclaration identifier="RESPONSE" cardinality="single" baseType="identifier">
      <correctResponse>
        <value>C</value>
      </correctResponse>
    </responseDeclaration>
    <outcomeDeclaration identifier="SCORE" cardinality="single" baseType="float">
      <defaultValue>
        <value>0</value>
      </defaultValue>
    </outcomeDeclaration>
    <itemBody>
      <div class="question-text">
        <p>Que simbolo se usa para comentarios en Python?</p>
      </div>
      <choiceInteraction responseIdentifier="RESPONSE" shuffle="false" maxChoices="1">
        <simpleChoice identifier="A">//</simpleChoice>
        <simpleChoice identifier="B">/* */</simpleChoice>
        <simpleChoice identifier="C">#</simpleChoice>
        <simpleChoice identifier="D">--</simpleChoice>
      </choiceInteraction>
    </itemBody>
    <responseProcessing template="http://www.imsglobal.org/question/qti_v2p1/rptemplates/match_correct"/>
  </assessmentItem>
  <assessmentItem xmlns="http://www.imsglobal.org/xsd/imsqti_v2p1" identifier="q_6" title="Question q_6" adaptive="false" timeDependent="false">
    <responseDeclaration identifier="RESPONSE" cardinality="single" baseType="identifier">
      <correctResponse>
        <value>B</value>
      </correctResponse>
    </responseDeclaration>
    <outcomeDeclaration identifier="SCORE" cardinality="single" baseType="float">
      <defaultValue>
        <value>0</value>
      </defaultValue>
    </outcomeDeclaration>
    <itemBody>
      <div class="question-text">
        <p>Cual es la sintaxis correcta para una estructura condicional en Python?</p>
      </div>
      <choiceInteraction responseIdentifier="RESPONSE" shuffle="false" maxChoices="1">
        <simpleChoice identifier="A">if (condicion) then:</simpleChoice>
        <simpleChoice identifier="B">if condicion:</simpleChoice>
        <simpleChoice identifier="C">if [condicion]:</simpleChoice>
        <simpleChoice identifier="D">if condicion then:</simpleChoice>
      </choiceInteraction>
    </itemBody>
    <responseProcessing template="http://www.imsglobal.org/question/qti_v2p1/rptemplates/match_correct"/>
  </assessmentItem>
  <assessmentItem xmlns="http://www.imsglobal.org/xsd/imsqti_v2p1" identifier="q_7" title="Question q_7" adaptive="false" timeDependent="false">
    <responseDeclaration identifier="RESPONSE" cardinality="single" baseType="identifier">
      <correctResponse>
        <value>C</value>
      </correctResponse>
    </responseDeclaration>
    <outcomeDeclaration identifier="SCORE" cardinality="single" baseType="float">
      <defaultValue>
        <value>0</value>
      </defaultValue>
    </outcomeDeclaration>
    <itemBody>
      <div class="question-text">
        <p>En el codigo if goles &gt; 20: print(&quot;Goleador&quot;), cuando se ejecuta el print?</p>
      </div>
      <choiceInteraction responseIdentifier="RESPONSE" shuffle="false" maxChoices="1">
        <simpleChoice identifier="A">Siempre</simpleChoice>
        <simpleChoice identifier="B">Cuando goles es exactamente 20</simpleChoice>
        <simpleChoice identifier="C">Cuando goles es mayor que 20</simpleChoice>
        <simpleChoice identifier="D">Cuando goles es menor que 20</simpleChoice>
      </choiceInteraction>
    </itemBody>
    <responseProcessing template="http://www.imsglobal.org/question/qti_v2p1/rptemplates/match_correct"/>
  </assessmentItem>
  <assessmentItem xmlns="http://www.imsglobal.org/xsd/imsqti_v2p1" identifier="q_8" title="Question q_8" adaptive="false" timeDependent="false">
    <responseDeclaration identifier="RESPONSE" cardinality="single" baseType="identifier">
      <correctResponse>
        <value>B</value>
      </correctResponse>
    </responseDeclaration>
    <outcomeDeclaration identifier="SCORE" cardinality="single" baseType="float">
      <defaultValue>
        <value>0</value>
      </defaultValue>
    </outcomeDeclaration>
    <itemBody>
      <div class="question-text">
        <p>Cual es la diferencia entre for y while?</p>
      </div>
      <choiceInteraction responseIdentifier="RESPONSE" shuffle="false" maxChoices="1">
        <simpleChoice identifier="A">No hay diferencia</simpleChoice>
        <simpleChoice identifier="B">for para repeticiones conocidas, while para condiciones</simpleChoice>
        <simpleChoice identifier="C">while es mas rapido que for</simpleChoice>
        <simpleChoice identifier="D">for solo funciona con numeros</simpleChoice>
      </choiceInteraction>
    </itemBody>
    <responseProcessing template="http://www.imsglobal.org/question/qti_v2p1/rptemplates/match_correct"/>
  </assessmentItem>
  <assessmentItem xmlns="http://www.imsglobal.org/xsd/imsqti_v2p1" identifier="q_9" title="Question q_9" adaptive="false" timeDependent="false">
    <responseDeclaration identifier="RESPONSE" cardinality="single" baseType="identifier">
      <correctResponse>
        <value>C</value>
      </correctResponse>
    </responseDeclaration>
    <outcomeDeclaration identifier="SCORE" cardinality="single" baseType="float">
      <defaultValue>
        <value>0</value>
      </defaultValue>
    </outcomeDeclaration>
    <itemBody>
      <div class="question-text">
        <p>Que hace range(5) en Python?</p>
      </div>
      <choiceInteraction responseIdentifier="RESPONSE" shuffle="false" maxChoices="1">
        <simpleChoice identifier="A">Genera numeros del 1 al 5</simpleChoice>
        <simpleChoice identifier="B">Genera numeros del 0 al 5</simpleChoice>
        <simpleChoice identifier="C">Genera numeros del 0 al 4</simpleChoice>
        <simpleChoice identifier="D">Genera el numero 5</simpleChoice>
      </choiceInteraction>
    </itemBody>
    <responseProcessing template="http://www.imsglobal.org/question/qti_v2p1/rptemplates/match_correct"/>
  </assessmentItem>
  <assessmentItem xmlns="http://www.imsglobal.org/xsd/imsqti_v2p1" identifier="q_10" title="Question q_10" adaptive="false" timeDependent="false">
    <responseDeclaration identifier="RESPONSE" cardinality="single" baseType="identifier">
      <correctResponse>
        <value>C</value>
      </correctResponse>
    </responseDeclaration>
    <outcomeDeclaration identifier="SCORE" cardinality="single" baseType="float">
      <defaultValue>
        <value>0</value>
      </defaultValue>
    </outcomeDeclaration>
    <itemBody>
      <div class="question-text">
        <p>Que operador logico devuelve True solo si ambas condiciones son True?</p>
      </div>
      <choiceInteraction responseIdentifier="RESPONSE" shuffle="false" maxChoices="1">
        <simpleChoice identifier="A">or</simpleChoice>
        <simpleChoice identifier="B">not</simpleChoice>
        <simpleChoice identifier="C">and</simpleChoice>
        <simpleChoice identifier="D">xor</simpleChoice>
      </choiceInteraction>
    </itemBody>
    <responseProcessing template="http://www.imsglobal.org/question/qti_v2p1/rptemplates/match_correct"/>
  </assessmentItem>
  <assessmentItem xmlns="http://www.imsglobal.org/xsd/imsqti_v2p1" identifier="q_11" title="Question q_11" adaptive="false" timeDependent="false">
    <responseDeclaration identifier="RESPONSE" cardinality="single" baseType="identifier">
      <correctResponse>
        <value>B</value>
      </correctResponse>
    </responseDeclaration>
    <outcomeDeclaration identifier="SCORE" cardinality="single" baseType="float">
      <defaultValue>
        <value>0</value>
      </defaultValue>
    </outcomeDeclaration>
    <itemBody>
      <div class="question-text">
        <p>Como se define una funcion en Python que calcula el promedio de goles?</p>
      </div>
      <choiceInteraction responseIdentifier="RESPONSE" shuffle="false" maxChoices="1">
        <simpleChoice identifier="A">function promedio_goles():</simpleChoice>
        <simpleChoice identifier="B">def promedio_goles():</simpleChoice>
        <simpleChoice identifier="C">promedio_goles() def:</simpleChoice>
        <simpleChoice identifier="D">create promedio_goles():</simpleChoice>
      </choiceInteraction>
    </itemBody>
    <responseProcessing template="http://www.imsglobal.org/question/qti_v2p1/rptemplates/match_correct"/>
  </assessmentItem>
  <assessmentItem xmlns="http://www.imsglobal.org/xsd/imsqti_v2p1" identifier="q_12" title="Question q_12" adaptive="false" timeDependent="false">
    <responseDeclaration identifier="RESPONSE" cardinality="single" baseType="identifier">
      <correctResponse>
        <value>B</value>
      </correctResponse>
    </responseDeclaration>
    <outcomeDeclaration identifier="SCORE" cardinality="single" baseType="float">
      <defaultValue>
        <value>0</value>
      </defaultValue>
    </outcomeDeclaration>
    <itemBody>
      <div class="question-text">
        <p>Que hace la palabra clave return en una funcion?</p>
      </div>
      <choiceInteraction responseIdentifier="RESPONSE" shuffle="false" maxChoices="1">
        <simpleChoice identifier="A">Imprime un valor</simpleChoice>
        <simpleChoice identifier="B">Devuelve un valor al codigo que llamo la funcion</simpleChoice>
        <simpleChoice identifier="C">Termina el programa</simpleChoice>
        <simpleChoice identifier="D">Define una variable</simpleChoice>
      </choiceInteraction>
    </itemBody>
    <responseProcessing template="http://www.imsglobal.org/question/qti_v2p1/rptemplates/match_correct"/>
  </assessmentItem>
  <assessmentItem xmlns="http://www.imsglobal.org/xsd/imsqti_v2p1" identifier="q_13" title="Question q_13" adaptive="false" timeDependent="false">
    <responseDeclaration identifier="RESPONSE" cardinality="single" baseType="identifier">
      <correctResponse>
        <value>B</value>
      </correctResponse>
    </responseDeclaration>
    <outcomeDeclaration identifier="SCORE" cardinality="single" baseType="float">
      <defaultValue>
        <value>0</value>
      </defaultValue>
    </outcomeDeclaration>
    <itemBody>
      <div class="question-text">
        <p>En la funcion def calcular_puntos(victorias, empates):, cuantos parametros recibe?</p>
      </div>
      <choiceInteraction responseIdentifier="RESPONSE" shuffle="false" maxChoices="1">
        <simpleChoice identifier="A">1</simpleChoice>
        <simpleChoice identifier="B">2</simpleChoice>
        <simpleChoice identifier="C">3</simpleChoice>
        <simpleChoice identifier="D">0</simpleChoice>
      </choiceInteraction>
    </itemBody>
    <responseProcessing template="http://www.imsglobal.org/question/qti_v2p1/rptemplates/match_correct"/>
  </assessmentItem>
  <assessmentItem xmlns="http://www.imsglobal.org/xsd/imsqti_v2p1" identifier="q_14" title="Question q_14" adaptive="false" timeDependent="false">
    <responseDeclaration identifier="RESPONSE" cardinality="single" baseType="identifier">
      <correctResponse>
        <value>B</value>
      </correctResponse>
    </responseDeclaration>
    <outcomeDeclaration identifier="SCORE" cardinality="single" baseType="float">
      <defaultValue>
        <value>0</value>
      </defaultValue>
    </outcomeDeclaration>
    <itemBody>
      <div class="question-text">
        <p>Como se importa un modulo llamado math en Python?</p>
      </div>
      <choiceInteraction responseIdentifier="RESPONSE" shuffle="false" maxChoices="1">
        <simpleChoice identifier="A">include math</simpleChoice>
        <simpleChoice identifier="B">import math</simpleChoice>
        <simpleChoice identifier="C">using math</simpleChoice>
        <simpleChoice identifier="D">require math</simpleChoice>
      </choiceInteraction>
    </itemBody>
    <responseProcessing template="http://www.imsglobal.org/question/qti_v2p1/rptemplates/match_correct"/>
  </assessmentItem>
  <assessmentItem xmlns="http://www.imsglobal.org/xsd/imsqti_v2p1" identifier="q_15" title="Question q_15" adaptive="false" timeDependent="false">
    <responseDeclaration identifier="RESPONSE" cardinality="single" baseType="identifier">
      <correctResponse>
        <value>C</value>
      </correctResponse>
    </responseDeclaration>
    <outcomeDeclaration identifier="SCORE" cardinality="single" baseType="float">
      <defaultValue>
        <value>0</value>
      </defaultValue>
    </outcomeDeclaration>
    <itemBody>
      <div class="question-text">
        <p>Si una funcion no tiene return, que devuelve?</p>
      </div>
      <choiceInteraction responseIdentifier="RESPONSE" shuffle="false" maxChoices="1">
        <simpleChoice identifier="A">0</simpleChoice>
        <simpleChoice identifier="B">Error</simpleChoice>
        <simpleChoice identifier="C">None</simpleChoice>
        <simpleChoice identifier="D">El ultimo valor calculado</simpleChoice>
      </choiceInteraction>
    </itemBody>
    <responseProcessing template="http://www.imsglobal.org/question/qti_v2p1/rptemplates/match_correct"/>
  </assessmentItem>
  <assessmentItem xmlns="http://www.imsglobal.org/xsd/imsqti_v2p1" identifier="q_16" title="Question q_16" adaptive="false" timeDependent="false">
    <responseDeclaration identifier="RESPONSE" cardinality="single" baseType="identifier">
      <correctResponse>
        <value>B</value>
      </correctResponse>
    </responseDeclaration>
    <outcomeDeclaration identifier="SCORE" cardinality="single" baseType="float">
      <defaultValue>
        <value>0</value>
      </defaultValue>
    </outcomeDeclaration>
    <itemBody>
      <div class="question-text">
        <p>Que instruccion necesitas para usar pandas en tu codigo?</p>
      </div>
      <choiceInteraction responseIdentifier="RESPONSE" shuffle="false" maxChoices="1">
        <simpleChoice identifier="A">import pandas</simpleChoice>
        <simpleChoice identifier="B">import pandas as pd</simpleChoice>
        <simpleChoice identifier="C">from pandas import pd</simpleChoice>
        <simpleChoice identifier="D">using pandas</simpleChoice>
      </choiceInteraction>
    </itemBody>
    <responseProcessing template="http://www.imsglobal.org/question/qti_v2p1/rptemplates/match_correct"/>
  </assessmentItem>
  <assessmentItem xmlns="http://www.imsglobal.org/xsd/imsqti_v2p1" identifier="q_17" title="Question q_17" adaptive="false" timeDependent="false">
    <responseDeclaration identifier="RESPONSE" cardinality="single" baseType="identifier">
      <correctResponse>
        <value>C</value>
      </correctResponse>
    </responseDeclaration>
    <outcomeDeclaration identifier="SCORE" cardinality="single" baseType="float">
      <defaultValue>
        <value>0</value>
      </defaultValue>
    </outcomeDeclaration>
    <itemBody>
      <div class="question-text">
        <p>Como se llama la estructura principal de datos en pandas?</p>
      </div>
      <choiceInteraction responseIdentifier="RESPONSE" shuffle="false" maxChoices="1">
        <simpleChoice identifier="A">Array</simpleChoice>
        <simpleChoice identifier="B">List</simpleChoice>
        <simpleChoice identifier="C">DataFrame</simpleChoice>
        <simpleChoice identifier="D">Table</simpleChoice>
      </choiceInteraction>
    </itemBody>
    <responseProcessing template="http://www.imsglobal.org/question/qti_v2p1/rptemplates/match_correct"/>
  </assessmentItem>
  <assessmentItem xmlns="http://www.imsglobal.org/xsd/imsqti_v2p1" identifier="q_18" title="Question q_18" adaptive="false" timeDependent="false">
    <responseDeclaration identifier="RESPONSE" cardinality="single" baseType="identifier">
      <correctResponse>
        <value>C</value>
      </correctResponse>
    </responseDeclaration>
    <outcomeDeclaration identifier="SCORE" cardinality="single" baseType="float">
      <defaultValue>
        <value>0</value>
      </defaultValue>
    </outcomeDeclaration>
    <itemBody>
      <div class="question-text">
        <p>Que funcion usas para leer un archivo CSV en pandas?</p>
      </div>
      <choiceInteraction responseIdentifier="RESPONSE" shuffle="false" maxChoices="1">
        <simpleChoice identifier="A">pd.open_csv()</simpleChoice>
        <simpleChoice identifier="B">pd.load_csv()</simpleChoice>
        <simpleChoice identifier="C">pd.read_csv()</simpleChoice>
        <simpleChoice identifier="D">pd.import_csv()</simpleChoice>
      </choiceInteraction>
    </itemBody>
    <responseProcessing template="http://www.imsglobal.org/question/qti_v2p1/rptemplates/match_correct"/>
  </assessmentItem>
  <assessmentItem xmlns="http://www.imsglobal.org/xsd/imsqti_v2p1" identifier="q_19" title="Question q_19" adaptive="false" timeDependent="false">
    <responseDeclaration identifier="RESPONSE" cardinality="single" baseType="identifier">
      <correctResponse>
        <value>C</value>
      </correctResponse>
    </responseDeclaration>
    <outcomeDeclaration identifier="SCORE" cardinality="single" baseType="float">
      <defaultValue>
        <value>0</value>
      </defaultValue>
    </outcomeDeclaration>
    <itemBody>
      <div class="question-text">
        <p>Si tienes un DataFrame df, como ves las primeras 5 filas?</p>
      </div>
      <choiceInteraction responseIdentifier="RESPONSE" shuffle="false" maxChoices="1">
        <simpleChoice identifier="A">df.first(5)</simpleChoice>
        <simpleChoice identifier="B">df.top(5)</simpleChoice>
        <simpleChoice identifier="C">df.head(5)</simpleChoice>
        <simpleChoice identifier="D">df.show(5)</simpleChoice>
      </choiceInteraction>
    </itemBody>
    <responseProcessing template="http://www.imsglobal.org/question/qti_v2p1/rptemplates/match_correct"/>
  </assessmentItem>
  <assessmentItem xmlns="http://www.imsglobal.org/xsd/imsqti_v2p1" identifier="q_20" title="Question q_20" adaptive="false" timeDependent="false">
    <responseDeclaration identifier="RESPONSE" cardinality="single" baseType="identifier">
      <correctResponse>
        <value>A</value>
      </correctResponse>
    </responseDeclaration>
    <outcomeDeclaration identifier="SCORE" cardinality="single" baseType="float">
      <defaultValue>
        <value>0</value>
      </defaultValue>
    </outcomeDeclaration>
    <itemBody>
      <div class="question-text">
        <p>Que comando usas para ver informacion sobre tipos de datos y valores nulos en un DataFrame?</p>
      </div>
      <choiceInteraction responseIdentifier="RESPONSE" shuffle="false" maxChoices="1">
        <simpleChoice identifier="A">df.info()</simpleChoice>
        <simpleChoice identifier="B">df.types()</simpleChoice>
        <simpleChoice identifier="C">df.describe()</simpleChoice>
        <simpleChoice identifier="D">df.summary()</simpleChoice>
      </choiceInteraction>
    </itemBody>
    <responseProcessing template="http://www.imsglobal.org/question/qti_v2p1/rptemplates/match_correct"/>
  </assessmentItem>
  <assessmentItem xmlns="http://www.imsglobal.org/xsd/imsqti_v2p1" identifier="q_21" title="Question q_21" adaptive="false" timeDependent="false">
    <responseDeclaration identifier="RESPONSE" cardinality="single" baseType="identifier">
      <correctResponse>
        <value>B</value>
      </correctResponse>
    </responseDeclaration>
    <outcomeDeclaration identifier="SCORE" cardinality="single" baseType="float">
      <defaultValue>
        <value>0</value>
      </defaultValue>
    </outcomeDeclaration>
    <itemBody>
      <div class="question-text">
        <p>Cual es la forma comun de importar matplotlib para crear graficos?</p>
      </div>
      <choiceInteraction responseIdentifier="RESPONSE" shuffle="false" maxChoices="1">
        <simpleChoice identifier="A">import matplotlib as plt</simpleChoice>
        <simpleChoice identifier="B">import matplotlib.pyplot as plt</simpleChoice>
        <simpleChoice identifier="C">import pyplot as plt</simpleChoice>
        <simpleChoice identifier="D">from matplotlib import plt</simpleChoice>
      </choiceInteraction>
    </itemBody>
    <responseProcessing template="http://www.imsglobal.org/question/qti_v2p1/rptemplates/match_correct"/>
  </assessmentItem>
  <assessmentItem xmlns="http://www.imsglobal.org/xsd/imsqti_v2p1" identifier="q_22" title="Question q_22" adaptive="false" timeDependent="false">
    <responseDeclaration identifier="RESPONSE" cardinality="single" baseType="identifier">
      <correctResponse>
        <value>B</value>
      </correctResponse>
    </responseDeclaration>
    <outcomeDeclaration identifier="SCORE" cardinality="single" baseType="float">
      <defaultValue>
        <value>0</value>
      </defaultValue>
    </outcomeDeclaration>
    <itemBody>
      <div class="question-text">
        <p>Que funcion usas para mostrar un grafico en matplotlib?</p>
      </div>
      <choiceInteraction responseIdentifier="RESPONSE" shuffle="false" maxChoices="1">
        <simpleChoice identifier="A">plt.display()</simpleChoice>
        <simpleChoice identifier="B">plt.show()</simpleChoice>
        <simpleChoice identifier="C">plt.plot()</simpleChoice>
        <simpleChoice identifier="D">plt.draw()</simpleChoice>
      </choiceInteraction>
    </itemBody>
    <responseProcessing template="http://www.imsglobal.org/question/qti_v2p1/rptemplates/match_correct"/>
  </assessmentItem>
  <assessmentItem xmlns="http://www.imsglobal.org/xsd/imsqti_v2p1" identifier="q_23" title="Question q_23" adaptive="false" timeDependent="false">
    <responseDeclaration identifier="RESPONSE" cardinality="single" baseType="identifier">
      <correctResponse>
        <value>B</value>
      </correctResponse>
    </responseDeclaration>
    <outcomeDeclaration identifier="SCORE" cardinality="single" baseType="float">
      <defaultValue>
        <value>0</value>
      </defaultValue>
    </outcomeDeclaration>
    <itemBody>
      <div class="question-text">
        <p>Como agregas un titulo a un grafico en matplotlib?</p>
      </div>
      <choiceInteraction responseIdentifier="RESPONSE" shuffle="false" maxChoices="1">
        <simpleChoice identifier="A">plt.name('titulo')</simpleChoice>
        <simpleChoice identifier="B">plt.title('titulo')</simpleChoice>
        <simpleChoice identifier="C">plt.header('titulo')</simpleChoice>
        <simpleChoice identifier="D">plt.label('titulo')</simpleChoice>
      </choiceInteraction>
    </itemBody>
    <responseProcessing template="http://www.imsglobal.org/question/qti_v2p1/rptemplates/match_correct"/>
  </assessmentItem>
  <assessmentItem xmlns="http://www.imsglobal.org/xsd/imsqti_v2p1" identifier="q_24" title="Question q_24" adaptive="false" timeDependent="false">
    <responseDeclaration identifier="RESPONSE" cardinality="single" baseType="identifier">
      <correctResponse>
        <value>B</value>
      </correctResponse>
    </responseDeclaration>
    <outcomeDeclaration identifier="SCORE" cardinality="single" baseType="float">
      <defaultValue>
        <value>0</value>
      </defaultValue>
    </outcomeDeclaration>
    <itemBody>
      <div class="question-text">
        <p>Que tipo de grafico es mejor para mostrar la evolucion de goles por mes?</p>
      </div>
      <choiceInteraction responseIdentifier="RESPONSE" shuffle="false" maxChoices="1">
        <simpleChoice identifier="A">Grafico de barras</simpleChoice>
        <simpleChoice identifier="B">Grafico de lineas</simpleChoice>
        <simpleChoice identifier="C">Grafico circular</simpleChoice>
        <simpleChoice identifier="D">Histograma</simpleChoice>
      </choiceInteraction>
    </itemBody>
    <responseProcessing template="http://www.imsglobal.org/question/qti_v2p1/rptemplates/match_correct"/>
  </assessmentItem>
  <assessmentItem xmlns="http://www.imsglobal.org/xsd/imsqti_v2p1" identifier="q_25" title="Question q_25" adaptive="false" timeDependent="false">
    <responseDeclaration identifier="RESPONSE" cardinality="single" baseType="identifier">
      <correctResponse>
        <value>B</value>
      </correctResponse>
    </responseDeclaration>
    <outcomeDeclaration identifier="SCORE" cardinality="single" baseType="float">
      <defaultValue>
        <value>0</value>
      </defaultValue>
    </outcomeDeclaration>
    <itemBody>
      <div class="question-text">
        <p>Que funcion usas para crear un grafico de barras en matplotlib?</p>
      </div>
      <choiceInteraction responseIdentifier="RESPONSE" shuffle="false" maxChoices="1">
        <simpleChoice identifier="A">plt.line()</simpleChoice>
        <simpleChoice identifier="B">plt.bar()</simpleChoice>
        <simpleChoice identifier="C">plt.scatter()</simpleChoice>
        <simpleChoice identifier="D">plt.hist()</simpleChoice>
      </choiceInteraction>
    </itemBody>
    <responseProcessing template="http://www.imsglobal.org/question/qti_v2p1/rptemplates/match_correct"/>
  </assessmentItem>
</assessmentTest>